feature,sklearn_importance
sf_w,0.22535527
BlackElo,0.1533117
sf_l,0.12954848
sf_d,0.12546913
WhiteElo,0.12480211
sf_cp,0.10944308
norm_black_clock,0.047713473
norm_white_clock,0.045583066
move_number,0.038773637
